cs_email,ip
may-a01@cyber.vn,192.168.3.1
may-a02@cyber.vn,192.168.3.2
may-a03@cyber.vn,192.168.3.3
may-a04@cyber.vn,192.168.3.4
may-a05@cyber.vn,192.168.3.5
may-a06@cyber.vn,192.168.3.6
may-a07@cyber.vn,192.168.3.7
may-a08@cyber.vn,192.168.3.8
may-a09@cyber.vn,192.168.3.9
may-a1@cyber.vn,192.168.3.10
may-b01@cyber.vn,192.168.3.11
may-b02@cyber.vn,192.168.3.12
may-b03@cyber.vn,192.168.3.13
may-b04@cyber.vn,192.168.3.14
may-b05@cyber.vn,192.168.3.15
may-b06@cyber.vn,192.168.3.16
may-b07@cyber.vn,192.168.3.17
may-b08@cyber.vn,192.168.3.18
may-b09@cyber.vn,192.168.3.19
may-b10@cyber.vn,192.168.3.20
may-b11@cyber.vn,192.168.3.21
may-b12@cyber.vn,192.168.3.22
may-b13@cyber.vn,192.168.3.23
may-b14@cyber.vn,192.168.3.24
may-b15@cyber.vn,192.168.3.25
may-b16@cyber.vn,192.168.3.26
may-b17@cyber.vn,192.168.3.27
may-b18@cyber.vn,192.168.3.28
may-b19@cyber.vn,192.168.3.29
may-b20@cyber.vn,192.168.3.30
may-b21@cyber.vn,192.168.3.31
may-b22@cyber.vn,192.168.3.32
may-b23@cyber.vn,192.168.3.33
may-b24@cyber.vn,192.168.3.34
may-b25@cyber.vn,192.168.3.35
may-b26@cyber.vn,192.168.3.36
may-b27@cyber.vn,192.168.3.37
may-b28@cyber.vn,192.168.3.38
may-b29@cyber.vn,192.168.3.39
may-b30@cyber.vn,192.168.3.40
may-c01@cyber.vn,192.168.3.41
may-c02@cyber.vn,192.168.3.42
may-c03@cyber.vn,192.168.3.43
may-c04@cyber.vn,192.168.3.44
may-c05@cyber.vn,192.168.3.45
may-c06@cyber.vn,192.168.3.46
may-c07@cyber.vn,192.168.3.47
may-c08@cyber.vn,192.168.3.48
may-c09@cyber.vn,192.168.3.49
may-c10@cyber.vn,192.168.3.50
may-c11@cyber.vn,192.168.3.51
may-c12@cyber.vn,192.168.3.52
may-c13@cyber.vn,192.168.3.53
may-c14@cyber.vn,192.168.3.54
may-c15@cyber.vn,192.168.3.55
may-c16@cyber.vn,192.168.3.56
may-c17@cyber.vn,192.168.3.57
may-c18@cyber.vn,192.168.3.58
may-c19@cyber.vn,192.168.3.59
may-c20@cyber.vn,192.168.3.60
may-c21@cyber.vn,192.168.3.61
may-c22@cyber.vn,192.168.3.62
may-c23@cyber.vn,192.168.3.63
may-c24@cyber.vn,192.168.3.64
may-c25@cyber.vn,192.168.3.65
may-c26@cyber.vn,192.168.3.66
may-c27@cyber.vn,192.168.3.67
may-c28@cyber.vn,192.168.3.68
may-c29@cyber.vn,192.168.3.69
may-c30@cyber.vn,192.168.3.70
may-c31@cyber.vn,192.168.3.71
may-c32@cyber.vn,192.168.3.72
may-c33@cyber.vn,192.168.3.73
may-c34@cyber.vn,192.168.3.74
may-c35@cyber.vn,192.168.3.75
may-c36@cyber.vn,192.168.3.76
may-c37@cyber.vn,192.168.3.77
may-c38@cyber.vn,192.168.3.78
may-c39@cyber.vn,192.168.3.79
may-c40@cyber.vn,192.168.3.80
may-d01@cyber.vn,192.168.3.81
may-d02@cyber.vn,192.168.3.82
may-d03@cyber.vn,192.168.3.83
may-d04@cyber.vn,192.168.3.84
may-d05@cyber.vn,192.168.3.85
may-d06@cyber.vn,192.168.3.86
may-d07@cyber.vn,192.168.3.87
may-d08@cyber.vn,192.168.3.88
may-d09@cyber.vn,192.168.3.89
may-d10@cyber.vn,192.168.3.90
may-d11@cyber.vn,192.168.3.91
may-d12@cyber.vn,192.168.3.92
may-d13@cyber.vn,192.168.3.93
may-d14@cyber.vn,192.168.3.94
may-d15@cyber.vn,192.168.3.95
may-d16@cyber.vn,192.168.3.96
may-d17@cyber.vn,192.168.3.97
may-d18@cyber.vn,192.168.3.98
may-d19@cyber.vn,192.168.3.99
may-d20@cyber.vn,192.168.3.100
may-d21@cyber.vn,192.168.3.101
may-d22@cyber.vn,192.168.3.102
may-d23@cyber.vn,192.168.3.103
may-d24@cyber.vn,192.168.3.104
may-e01@cyber.vn,192.168.3.105
may-e02@cyber.vn,192.168.3.106
may-e03@cyber.vn,192.168.3.107
may-e04@cyber.vn,192.168.3.108
may-e05@cyber.vn,192.168.3.109
may-e06@cyber.vn,192.168.3.110
may-e07@cyber.vn,192.168.3.111
may-e08@cyber.vn,192.168.3.112
may-e09@cyber.vn,192.168.3.113
may-e10@cyber.vn,192.168.3.114
may-e11@cyber.vn,192.168.3.115
may-e12@cyber.vn,192.168.3.116
may-e13@cyber.vn,192.168.3.117
may-e14@cyber.vn,192.168.3.118
may-e15@cyber.vn,192.168.3.119
may-e16@cyber.vn,192.168.3.120
may-e17@cyber.vn,192.168.3.121
may-e18@cyber.vn,192.168.3.122
may-e19@cyber.vn,192.168.3.123
may-e20@cyber.vn,192.168.3.124

